tabela,categoria_num,categoria,categoria_descricao,n_recurso,recurso,definicao_fundamentacao,exemplos_pb,features_adt,detectabilidade,observacoes_anotacao
1,1,MARCADORES DE SINALIZAÇÃO IRÔNICA,"CATEGORIA 1 — MARCADORES DE SINALIZAÇÃO IRÔNICA Recursos metacomunicativos que alertam o leitor para a possibilidade de leitura irônica (Attardo, 2000). Features ADT: pontuação, emojis, hashtags, maiúsculas.",1,Antífrase,"Dizer o oposto do que se pretende. Kerbrat-Orecchioni (1980, p. 121-122): ""un contenu patent positif"" para ""un contenu latent négatif"".","""Que ótimo dia! Acordei atrasado, perdi o ônibus e choveu."" ""Parabéns pelo ótimo trabalho!"" (sobre trabalho ruim) ""Internet de Limeira, nunca decepciona!"" (durante queda)",palavras_positivas + palavras_negativas,Moderada,Recurso fundacional. Detectável quando há contraste explícito; opaco quando depende de contexto.
1,1,MARCADORES DE SINALIZAÇÃO IRÔNICA,"CATEGORIA 1 — MARCADORES DE SINALIZAÇÃO IRÔNICA Recursos metacomunicativos que alertam o leitor para a possibilidade de leitura irônica (Attardo, 2000). Features ADT: pontuação, emojis, hashtags, maiúsculas.",2,Hipérbole irônica,Exagero avaliativo em inversão. Kreuz e Roberts (1995): indicador primário da ironia verbal.,"""Só levei CINCO HORAS para chegar."" ""Estou MORRENDO de vontade de trabalhar no feriado."" ""Todo governante: 3% Lincoln, 97% Pinochet."" (Millôr)",palavras_intensificadoras + caixa_alta_palavras,Moderada,Superlativos e quantificadores extremos cruzados com polaridade do co-texto.
1,1,MARCADORES DE SINALIZAÇÃO IRÔNICA,"CATEGORIA 1 — MARCADORES DE SINALIZAÇÃO IRÔNICA Recursos metacomunicativos que alertam o leitor para a possibilidade de leitura irônica (Attardo, 2000). Features ADT: pontuação, emojis, hashtags, maiúsculas.",3,Lítotes irônica,"Atenuação por negação do contrário. Machado: ""onze amigos"" para quem tinha 300 contos.","""Ele não é exatamente um gênio."" ""Não é nada bonito."" (= muito feio) ""Não é ninguém, não senhora, é o padeiro."" (Rubem Braga)",negacao_presente + palavras_negativas,Baixa,Requer detectar que a atenuação é deliberada e inversa.
1,1,MARCADORES DE SINALIZAÇÃO IRÔNICA,"CATEGORIA 1 — MARCADORES DE SINALIZAÇÃO IRÔNICA Recursos metacomunicativos que alertam o leitor para a possibilidade de leitura irônica (Attardo, 2000). Features ADT: pontuação, emojis, hashtags, maiúsculas.",4,Eufemismo irônico,Suavização em contexto de gravidade. Contraste forma/referente.,"""Ele faltou à verdade"" (= mentiu em fraude) ""Estudar a geologia dos campos santos"" (= morrer, Machado) ""Passou o surto de gripe"" (= prisão dos editores, O Pasquim)",—,Baixa,Depende de saber a gravidade real da situação.
1,1,MARCADORES DE SINALIZAÇÃO IRÔNICA,"CATEGORIA 1 — MARCADORES DE SINALIZAÇÃO IRÔNICA Recursos metacomunicativos que alertam o leitor para a possibilidade de leitura irônica (Attardo, 2000). Features ADT: pontuação, emojis, hashtags, maiúsculas.",5,Aspas irônicas,"Distanciamento tipográfico. Attardo (2000b); Kerbrat-Orecchioni (1978, p. 38).","""Ele era 'amigo' de todos."" ""O PMDB é um partido tão 'pequeno'!"" (ComentCorpus) ""A 'gripezinha' que matou 700 mil.""",— (parsing tipográfico),Alta,Aspas + adjetivo avaliativo = candidato forte. Também marcam citação (ambiguidade).
1,1,MARCADORES DE SINALIZAÇÃO IRÔNICA,"CATEGORIA 1 — MARCADORES DE SINALIZAÇÃO IRÔNICA Recursos metacomunicativos que alertam o leitor para a possibilidade de leitura irônica (Attardo, 2000). Features ADT: pontuação, emojis, hashtags, maiúsculas.",6,Pontuação expressiva,Acúmulo de !!! ??? ... Burgers et al. (2012): marcadores morfossintáticos.,"""Que MARAVILHA!!!"" / ""Sério mesmo???"" ""Ótimo... simplesmente ótimo."" (reticências) ""A Sra. Presidente é tão honesta... Tadinha..."" (ComentCorpus)",num_exclamacao + num_interrogacao + num_reticencias,Alta,Padrões regex. Valor preditivo isolado baixo; alto em combinação.
1,1,MARCADORES DE SINALIZAÇÃO IRÔNICA,"CATEGORIA 1 — MARCADORES DE SINALIZAÇÃO IRÔNICA Recursos metacomunicativos que alertam o leitor para a possibilidade de leitura irônica (Attardo, 2000). Features ADT: pontuação, emojis, hashtags, maiúsculas.",7,Maiúsculas enfáticas,Simulação de ênfase prosódica. Burgers et al. (2012): marcador tipográfico. A caixa alta grafa a intensidade da voz.,"""ADOREI o presente, MARAVILHOSO."" ""SIIIIM, adoreeei ficar 3h na fila do SUS."" ""Muito boa essa Data Folha... KKKKK"" (ComentCorpus)",caixa_alta_palavras,Alta,Regex: 3+ maiúsculas consecutivas em palavra não-sigla.
1,1,MARCADORES DE SINALIZAÇÃO IRÔNICA,"CATEGORIA 1 — MARCADORES DE SINALIZAÇÃO IRÔNICA Recursos metacomunicativos que alertam o leitor para a possibilidade de leitura irônica (Attardo, 2000). Features ADT: pontuação, emojis, hashtags, maiúsculas.",8,Marcadores de riso digital,"kkk, rsrs, hahaha, ksksks. Específicos do PB. Modulam tonalidade.","""kk"" → deboche sutil / ""kkkkk"" → riso genuíno ""rsrs"" → distanciamento irônico ""ksksks"" → zombaria, desdém ""Ótimo, perdi o horário rsrsrs.""",— (léxico de riso),Moderada,Comprimento da cadeia (kk vs kkkkk) modula significado. Co-ocorrência com avaliativo.
1,1,MARCADORES DE SINALIZAÇÃO IRÔNICA,"CATEGORIA 1 — MARCADORES DE SINALIZAÇÃO IRÔNICA Recursos metacomunicativos que alertam o leitor para a possibilidade de leitura irônica (Attardo, 2000). Features ADT: pontuação, emojis, hashtags, maiúsculas.",9,"""Só que não"" (#sqn)","Interjeição delocutiva. Zoppi-Fontana e Oliveira (2016, p. 137): marcador explícito de cancelamento irônico.","""Adoro estudar para provas. #sqn"" ""Ele é confiável, só que não."" Variantes: #SóQueNão, #Soquenao Extensões: ""só que nunca"", ""só que sim"" (Camargo, 2022)",hashtags (#sqn),Alta,Marcador explícito de cancelamento irônico. Altamente preditivo.
1,1,MARCADORES DE SINALIZAÇÃO IRÔNICA,"CATEGORIA 1 — MARCADORES DE SINALIZAÇÃO IRÔNICA Recursos metacomunicativos que alertam o leitor para a possibilidade de leitura irônica (Attardo, 2000). Features ADT: pontuação, emojis, hashtags, maiúsculas.",10,"""Tá serto""",Erro ortográfico intencional (c→s). Zoppi-Fontana e Oliveira (2016): criação escrita da internet.,"""O governo vai resolver tudo. Tá serto."" Derivações: ""tá sertinho"", ""tá sertíssimo"" Hashtags: #TaSerto, #Serto",— (léxico específico),Alta,"Detectável por distância de edição com ""tá certo"". Específico do PB."
1,1,MARCADORES DE SINALIZAÇÃO IRÔNICA,"CATEGORIA 1 — MARCADORES DE SINALIZAÇÃO IRÔNICA Recursos metacomunicativos que alertam o leitor para a possibilidade de leitura irônica (Attardo, 2000). Features ADT: pontuação, emojis, hashtags, maiúsculas.",11,Expressões formulaicas,Hedges que anunciam o oposto. Attardo (2000b): meios morfológicos.,"""Com todo o respeito, mas..."" ""Longe de mim falar mal, mas..."" ""Sem querer ofender, mas..."" ""Algo de errado não está certo.""",palavras_modalizadoras,Moderada,Ironia depende de co-texto subsequente que contradiga a fórmula.
1,1,MARCADORES DE SINALIZAÇÃO IRÔNICA,"CATEGORIA 1 — MARCADORES DE SINALIZAÇÃO IRÔNICA Recursos metacomunicativos que alertam o leitor para a possibilidade de leitura irônica (Attardo, 2000). Features ADT: pontuação, emojis, hashtags, maiúsculas.",12,Emojis incongruentes,Valência contradiz conteúdo. Thompson e Filik (2016): processamento análogo à ironia verbal.,"🙃 → ""Meu pedido cancelado 🙃"" 🤡 → ""Fui de 🤡"" (= fui ingênuo) 😏 → ""Meu chefe é incrível 😏"" 💀 → reação humorística extrema 💀 substitui kkk (deboche/riso extremo), 💅 (deboche performático)",emojis,Moderada,"Requer léxico de sentimento para emojis (DeepMoji). Na Gen Z, 💀🤡💅🧍 convencionalizaram-se como marcas irônicas."
1,1,MARCADORES DE SINALIZAÇÃO IRÔNICA,"CATEGORIA 1 — MARCADORES DE SINALIZAÇÃO IRÔNICA Recursos metacomunicativos que alertam o leitor para a possibilidade de leitura irônica (Attardo, 2000). Features ADT: pontuação, emojis, hashtags, maiúsculas.",13,Hashtags metalinguísticas,"Comentário explícito sobre a intenção. Freitas et al. (2014): hashtags entre as marcas mais preditivas (precisão de 92,45%).","#ironia / #sarcasmo / #prontofalei / #táserto #ForçaCorona (inversão de apoio, 2020)",hashtags,Alta,Marcador mais explícito. Remove ambiguidade.
1,1,MARCADORES DE SINALIZAÇÃO IRÔNICA,"CATEGORIA 1 — MARCADORES DE SINALIZAÇÃO IRÔNICA Recursos metacomunicativos que alertam o leitor para a possibilidade de leitura irônica (Attardo, 2000). Features ADT: pontuação, emojis, hashtags, maiúsculas.",14,Parênteses irônicos,"Comentário parentético que subverte o dito principal. ""Piscadela"" ao leitor cúmplice.","""O candidato apresentou seu plano (bastante ambicioso, para dizer o mínimo)."" Machado: aparte que revela lealdade comprada.",— (parsing),Baixa,Requer análise de relação parentético-principal.
1,1,MARCADORES DE SINALIZAÇÃO IRÔNICA,"CATEGORIA 1 — MARCADORES DE SINALIZAÇÃO IRÔNICA Recursos metacomunicativos que alertam o leitor para a possibilidade de leitura irônica (Attardo, 2000). Features ADT: pontuação, emojis, hashtags, maiúsculas.",15,Onomatopeias irônicas,"""Sei"", ""aham"", ""hmmm"", ""tá"", ""blá blá blá"" como marcadores de descrença.","""Tá. Acredito."" (WhatsApp) ""Aham, sei. kkkkk"" ""...conversinha de 'pelsseguido pulíticu' e blá blá blá"" (ComentCorpus)",— (léxico),Moderada,Produtivo em comunicação digital. Co-ocorre com marcadores de riso.
1,1,MARCADORES DE SINALIZAÇÃO IRÔNICA,"CATEGORIA 1 — MARCADORES DE SINALIZAÇÃO IRÔNICA Recursos metacomunicativos que alertam o leitor para a possibilidade de leitura irônica (Attardo, 2000). Features ADT: pontuação, emojis, hashtags, maiúsculas.",16,Alongamento vocálico escrito,"Repetição de vogais: ""siiiim"", ""claaaaaro"", ""ameeei"". Prosódia irônica grafada.","""SIIIIM, adoreeei ficar 3h na fila do SUS."" ""Claaaaaro que o metrô vai funcionar."" ""Maravilhoooooso esse atendimento.""","— (regex: vogal{3,})",Moderada,Regex detectável. Frequente em Gen Z. Combina com CAPS.
1,1,MARCADORES DE SINALIZAÇÃO IRÔNICA,"CATEGORIA 1 — MARCADORES DE SINALIZAÇÃO IRÔNICA Recursos metacomunicativos que alertam o leitor para a possibilidade de leitura irônica (Attardo, 2000). Features ADT: pontuação, emojis, hashtags, maiúsculas.",17,Interjeições com inversão,"Interjeições positivas em contextos negativos. ComentCorpus: ""Viva a corrupção"" (ex. 6).","""Nossa, como ela é legal!"" (ComentCorpus, ex. 9) ""Viva a decência!"" (sobre indecência) ""Eita, que bonito!"" (sobre algo feio)",— (léxico interjeições),Moderada,Interjeição + contexto negativo = candidato. Produtivo no PB oral-escrito.
1,1,MARCADORES DE SINALIZAÇÃO IRÔNICA,"CATEGORIA 1 — MARCADORES DE SINALIZAÇÃO IRÔNICA Recursos metacomunicativos que alertam o leitor para a possibilidade de leitura irônica (Attardo, 2000). Features ADT: pontuação, emojis, hashtags, maiúsculas.",18,Marcadores de citação irônica,"""Diz especialista"", ""segundo o governo"". Mecanismo central da sátira jornalística.","""Onda de calor causada por porta do inferno, diz meteorologia"" (Sensacionalista) ""Genialidade, dizem especialistas"" (livro Sensacionalista, 2016)",— (parsing),Moderada,Produtivo em gêneros satíricos. Cf. mimese irônica e cenografia e ethos (69).
1,1,MARCADORES DE SINALIZAÇÃO IRÔNICA,"CATEGORIA 1 — MARCADORES DE SINALIZAÇÃO IRÔNICA Recursos metacomunicativos que alertam o leitor para a possibilidade de leitura irônica (Attardo, 2000). Features ADT: pontuação, emojis, hashtags, maiúsculas.",19,Mimese irônica,"Imitação de estilo ou formato com intenção crítica, aparentada da paródia (Hutcheon, 1985).","""Caiado só combina com moderado na rima"" (Sensacionalista) Todo formato do Sensacionalista e Piauí Herald O Pasquim: ""jornalismo conotativo"" (Petrola, 2022)",— (classificação de gênero),Moderada,"BAcc 0,92 para notícias satíricas no IDPT 2021. Cf. cenografia e ethos (69)."
1,1,MARCADORES DE SINALIZAÇÃO IRÔNICA,"CATEGORIA 1 — MARCADORES DE SINALIZAÇÃO IRÔNICA Recursos metacomunicativos que alertam o leitor para a possibilidade de leitura irônica (Attardo, 2000). Features ADT: pontuação, emojis, hashtags, maiúsculas.",20,Ponto final hostil,O ponto final em resposta curta sinaliza secura ou insinceridade na comunicação digital. Gunraj et al. (2016): respostas terminadas em ponto são percebidas como menos sinceras.,"""Que ótimo."" / ""Adorei."" (período seco após mensagem breve) ""Ok."" como fechamento hostil ""Legal."" (sobre algo desagradável)",— (regex: ponto final após resposta curta),Moderada,Marca paralinguística do registro digital. Isolado é fraco; ganha força com a brevidade e o co-texto.
1,1,MARCADORES DE SINALIZAÇÃO IRÔNICA,"CATEGORIA 1 — MARCADORES DE SINALIZAÇÃO IRÔNICA Recursos metacomunicativos que alertam o leitor para a possibilidade de leitura irônica (Attardo, 2000). Features ADT: pontuação, emojis, hashtags, maiúsculas.",21,Citação comentada irônica,"Reprodução do enunciado alheio (quote, print, resposta citada) exposto ao ridículo. Forma digital da menção ecoica (Sperber e Wilson, 1981) e da heterogeneidade mostrada marcada.","Quote que repete a fala do outro e acrescenta ""aham"" Print seguido de ""olha isso"" ""'vai dar tudo certo', disseram eles.""",— (parsing: citação + moldura avaliativa),Baixa,"Frequente nas redes. A ironia está na moldura que envolve a citação, não na citação em si."
2,2,ESTRUTURAS SINTÁTICAS,"CATEGORIA 2 — ESTRUTURAS SINTÁTICAS Construções gramaticais que produzem efeito irônico. Fundamentação: polifonia ducrotiana, teoria ecoica de Sperber e Wilson. Features ADT: interrogação, exclamação, negação.",22,Negação polêmica,"Ducrot (1987, p. 200-206): confronto E₁/E₂. Indursky (1990): confronto entre FDs antagônicas.","""Não, ele não é corrupto. Só desvia dinheiro por hobby."" ""Dinheiro de corrupção não é grave."" (ComentCorpus) ""Aumentar impostos é fácil, né?"" (ComentCorpus)",negacao_presente,Moderada,Negação + avaliativo: candidato. Ironia depende de reconhecer voz encenada.
2,2,ESTRUTURAS SINTÁTICAS,"CATEGORIA 2 — ESTRUTURAS SINTÁTICAS Construções gramaticais que produzem efeito irônico. Fundamentação: polifonia ducrotiana, teoria ecoica de Sperber e Wilson. Features ADT: interrogação, exclamação, negação.",23,Repetição ecoica,"Sperber e Wilson (1981): menção ecoica com atitude dissociativa. Ducrot (1987, p. 197-200).","""Ah, é — 'educação é prioridade'..."" ""'Vai ficar tudo bem', ele disse. Ficou, sim."" ""Conversinha de 'pelsseguido pulíticu'"" (ComentCorpus)",— (detecção de eco),Baixa,Eco explícito (aspas) detectável. Eco implícito requer interdiscurso.
2,2,ESTRUTURAS SINTÁTICAS,"CATEGORIA 2 — ESTRUTURAS SINTÁTICAS Construções gramaticais que produzem efeito irônico. Fundamentação: polifonia ducrotiana, teoria ecoica de Sperber e Wilson. Features ADT: interrogação, exclamação, negação.",24,Interrogação retórica,"Pergunta que afirma o contrário. Ducrot: ""modificador desrealizante inversor"".","""Será que dá para ser mais incompetente?"" ""Alguém realmente acredita nisso?"" ""Devemos ser gratos ao PT, não é verdade?"" (ComentCorpus)",num_interrogacao,Moderada,"12,9% das ironias implícitas vs. 4,2% das explícitas usam interrogação (ComentCorpus)."
2,2,ESTRUTURAS SINTÁTICAS,"CATEGORIA 2 — ESTRUTURAS SINTÁTICAS Construções gramaticais que produzem efeito irônico. Fundamentação: polifonia ducrotiana, teoria ecoica de Sperber e Wilson. Features ADT: interrogação, exclamação, negação.",25,Exclamação com inversão,"Elogio exclamativo que é crítica. Ducrot (1987, p. 198): ""Que ótimo!"" como expressão irônica.","""Que bonito, hein! Que cena mais linda!"" (Naiara Azevedo) ""Muito bem! Parabéns!"" (após fracasso) ""Viva a decência!"" (ComentCorpus)",num_exclamacao,Moderada,Exclamação + adjetivo positivo: padrão recorrente.
2,2,ESTRUTURAS SINTÁTICAS,"CATEGORIA 2 — ESTRUTURAS SINTÁTICAS Construções gramaticais que produzem efeito irônico. Fundamentação: polifonia ducrotiana, teoria ecoica de Sperber e Wilson. Features ADT: interrogação, exclamação, negação.",26,Tag questions irônicas,"""Né?"", ""viu?"", ""hein?"" — invariáveis no PB. Solicitam cumplicidade irônica.","""Você é esperto, né?"" / ""Adorei, viu?"" ""Bonzão mesmo, hein!"" ""Aumentar impostos é fácil, né?"" (ComentCorpus)",— (léxico tags),Moderada,Entonação descendente (escrita: co-texto negativo) sinaliza função irônica.
2,2,ESTRUTURAS SINTÁTICAS,"CATEGORIA 2 — ESTRUTURAS SINTÁTICAS Construções gramaticais que produzem efeito irônico. Fundamentação: polifonia ducrotiana, teoria ecoica de Sperber e Wilson. Features ADT: interrogação, exclamação, negação.",27,Adversativas/concessivas,"""Mas"", ""porém"", ""apesar de"" como quebra de expectativa. Ducrot: tensão polifônica.","""Ele é honesto, MAS é político."" ""Até que se esforçou... mas o resultado foi péssimo."" ""Enquanto o Marechal declarava ordem democrática... tropas cercavam a Assembleia."" (Ponte Preta)",— (parsing),Moderada,Adversativo + inversão avaliativa: candidato.
2,2,ESTRUTURAS SINTÁTICAS,"CATEGORIA 2 — ESTRUTURAS SINTÁTICAS Construções gramaticais que produzem efeito irônico. Fundamentação: polifonia ducrotiana, teoria ecoica de Sperber e Wilson. Features ADT: interrogação, exclamação, negação.",28,Paralelismo com quebra,"Série A,B,C...D, onde D viola o padrão. E₁...Eₙ₋₁ constroem; Eₙ destrói.","""Trabalhador, dedicado, competente — e completamente corrupto."" ""Marcela amou-me durante quinze meses e onze contos de réis."" (Machado) ""Minha mulher e eu: ela vai às terças, eu às quintas."" (Veríssimo)",— (análise sequencial),Baixa,Requer modelar trajetória argumentativa da série.
2,2,ESTRUTURAS SINTÁTICAS,"CATEGORIA 2 — ESTRUTURAS SINTÁTICAS Construções gramaticais que produzem efeito irônico. Fundamentação: polifonia ducrotiana, teoria ecoica de Sperber e Wilson. Features ADT: interrogação, exclamação, negação.",29,Condicionais irônicas,"""Se P, então Q absurdo"" = reductio ad absurdum. Invalida ironicamente a premissa.","""Se cada um soubesse o que o outro faz, ninguém se cumprimentava."" (Nelson Rodrigues) ""Se o rádio fosse inventado depois da TV, haveria correria a esse aparelho sem imagem."" (Millôr) ""Se ele é honesto, eu sou o Papa.""",— (parsing),Baixa,Condicional + consequência absurda: candidato. Requer avaliação de absurdidade.
2,2,ESTRUTURAS SINTÁTICAS,"CATEGORIA 2 — ESTRUTURAS SINTÁTICAS Construções gramaticais que produzem efeito irônico. Fundamentação: polifonia ducrotiana, teoria ecoica de Sperber e Wilson. Features ADT: interrogação, exclamação, negação.",30,Comparações irônicas,Similitude desviante: o comparante revela negatividade oculta.,"""Olhava com a mesma ternura com que um gavião espreita uma pomba."" (Machado) ""Era tão burro que estava com a cara atrasada 5 minutos."" (Quintana) ""Numa melancolia de pinguim no Piauí."" (Ponte Preta)",— (parsing),Baixa,Requer avaliar incongruência do comparante.
2,2,ESTRUTURAS SINTÁTICAS,"CATEGORIA 2 — ESTRUTURAS SINTÁTICAS Construções gramaticais que produzem efeito irônico. Fundamentação: polifonia ducrotiana, teoria ecoica de Sperber e Wilson. Features ADT: interrogação, exclamação, negação.",31,Elipse irônica,Omissão deliberada que força conclusão irônica do leitor.,"""Bom e fiel amigo! Não me arrependo das vinte apólices."" (Machado) Cotrim: ""honesto"" → torturava escravos (omitido) ""E foi proclamada a escravidão."" (Ponte Preta)",—,Muito baixa,O que não está dito constitui a ironia. Inacessível por features.
2,2,ESTRUTURAS SINTÁTICAS,"CATEGORIA 2 — ESTRUTURAS SINTÁTICAS Construções gramaticais que produzem efeito irônico. Fundamentação: polifonia ducrotiana, teoria ecoica de Sperber e Wilson. Features ADT: interrogação, exclamação, negação.",32,Enumeração com clímax invertido,Gradação ascendente sabotada pelo último elemento.,"""O rico e o pobre... o advogado rouba... e a mulher engana os onze."" (Nelson Rodrigues) ""Pena da galhofa e tinta da melancolia."" (Machado) Ministro que 'explica' reduzindo 5 para 4 anos repetindo o mesmo (Ponte Preta)",—,Baixa,Requer modelar direção argumentativa + ruptura final.
2,2,ESTRUTURAS SINTÁTICAS,"CATEGORIA 2 — ESTRUTURAS SINTÁTICAS Construções gramaticais que produzem efeito irônico. Fundamentação: polifonia ducrotiana, teoria ecoica de Sperber e Wilson. Features ADT: interrogação, exclamação, negação.",33,Metalinguagem autofraturante,Narrador que comenta ironicamente a própria narração.,"""Há aí, entre as cinco ou dez pessoas que me lêem..."" (Machado) ""Relendo o capítulo passado, acode-me um escrúpulo..."" (Machado) Gregório de Matos: soneto que gasta versos contando versos",—,Muito baixa,Metadiscurso irônico. Requer análise de níveis narrativos.
2,2,ESTRUTURAS SINTÁTICAS,"CATEGORIA 2 — ESTRUTURAS SINTÁTICAS Construções gramaticais que produzem efeito irônico. Fundamentação: polifonia ducrotiana, teoria ecoica de Sperber e Wilson. Features ADT: interrogação, exclamação, negação.",34,Preterição (paralipse),"Afirmar algo declarando que não se vai dizê-lo (Fiorin, 2014). O que se recusa a mencionar é justamente sublinhado.","""Não vou nem comentar o desempenho do governo."" ""Nem preciso dizer como terminou."" ""Deixa quieto o que ele fez ontem.""","— (léxico: ""não vou nem"", ""nem preciso dizer"")",Baixa,"Fórmula parcialmente fixa, detectável por padrão; a ironia depende do co-texto."
2,2,ESTRUTURAS SINTÁTICAS,"CATEGORIA 2 — ESTRUTURAS SINTÁTICAS Construções gramaticais que produzem efeito irônico. Fundamentação: polifonia ducrotiana, teoria ecoica de Sperber e Wilson. Features ADT: interrogação, exclamação, negação.",35,Discurso relatado irônico,"Heterogeneidade mostrada marcada (Authier-Revuz, 2004): a voz do outro é encenada por discurso direto, indireto ou indireto livre, com distância avaliativa. Complementa a heterogeneidade não marcada (item 67).","""Ele disse que 'a culpa é da imprensa', claro."" ""Segundo ele, o problema sou eu."" Discurso indireto livre que imita o pensar alheio",— (parsing: verbos dicendi + aspas/modalização),Baixa,O eco marcado é mais detectável que o não marcado; requer identificar a atitude dissociativa.
2,2,ESTRUTURAS SINTÁTICAS,"CATEGORIA 2 — ESTRUTURAS SINTÁTICAS Construções gramaticais que produzem efeito irônico. Fundamentação: polifonia ducrotiana, teoria ecoica de Sperber e Wilson. Features ADT: interrogação, exclamação, negação.",36,Reduplicação irônica,"Repetição imediata de afirmação ou concordância que, por excesso, sinaliza descrença (Attardo, 2000b: o reforço que se volta contra o dito).","""Sim, claro, claro."" ""Com certeza, com certeza."" ""Aham, tá, tá.""",— (regex: token repetido adjacente),Moderada,A concordância exagerada inverte-se em recusa. Padrão de repetição detectável.
3,3,ESTRUTURAS LEXICAIS,"CATEGORIA 3 — ESTRUTURAS LEXICAIS Escolha e combinação de itens vocabulares para tensão avaliativa (Possenti, 1998; Brait, 1996/2008). Features ADT: sentimento, intensificadores, modalizadores.",37,Adjetivos avaliativos invertidos,"Positivos em contexto negativo. Brait (2008, p. 140): ""jogo entre enunciado e enunciação"".","""Genial"" / ""brilhante"" / ""maravilhoso"" como crítica ""Que maravilhoso! O elevador quebrou."" ""Dilma é muito boa... faliu uma lojinha de 1,99!"" (ComentCorpus)",palavras_positivas,Alta,Léxico avaliativo + polaridade inversa do co-texto.
3,3,ESTRUTURAS LEXICAIS,"CATEGORIA 3 — ESTRUTURAS LEXICAIS Escolha e combinação de itens vocabulares para tensão avaliativa (Possenti, 1998; Brait, 1996/2008). Features ADT: sentimento, intensificadores, modalizadores.",38,Diminutivos irônicos (-inho),"Marcador específico do PB. Bazenga (2012): ""juízo de valor em contraste com facto referencial"". Rio-Torto (2022): ""operador ilocucionário"".","""coitadinho"" (ComentCorpus) / ""gripezinha"" (Bolsonaro) ""probleminha"" / ""espertinho"" / ""conversinha"" ""lojinha"" / ""queridinha"" (Martha Medeiros) ""versinhos"" → ""opiniãozinha"" (Quintana vs. político)",— (morfológica),Moderada,"Sufixo somado a contexto de gravidade é candidato. Freitas et al. (2014): diminutivos entre as marcas preditivas (82,60%)."
3,3,ESTRUTURAS LEXICAIS,"CATEGORIA 3 — ESTRUTURAS LEXICAIS Escolha e combinação de itens vocabulares para tensão avaliativa (Possenti, 1998; Brait, 1996/2008). Features ADT: sentimento, intensificadores, modalizadores.",39,Aumentativos irônicos (-ão),Amplificação que ridiculariza. Marangoni Jr. e Monteiro (2024).,"""sabidão"" / ""bonzão"" / ""filmão"" (sobre filme ruim) ""Mensalão"" (aumentativo que ""dignifica"" corrupção)",— (morfológica),Moderada,Mesmo princípio dos diminutivos.
3,3,ESTRUTURAS LEXICAIS,"CATEGORIA 3 — ESTRUTURAS LEXICAIS Escolha e combinação de itens vocabulares para tensão avaliativa (Possenti, 1998; Brait, 1996/2008). Features ADT: sentimento, intensificadores, modalizadores.",40,Polissemia / duplo sentido,"Possenti (1998, p. 27-30). Dois scripts ativados simultaneamente.","""Não sou autor defunto, mas defunto autor."" (Machado) ""Cálice"" / ""Cale-se"" (Chico Buarque e Gil) ""ENTRE SEM BATER"" (Barão de Itararé: bater na porta / espancar) ""As baixas são altas."" (Barão de Itararé)",— (desambiguação),Baixa,Requer ativar dois scripts e reconhecer intencionalidade.
3,3,ESTRUTURAS LEXICAIS,"CATEGORIA 3 — ESTRUTURAS LEXICAIS Escolha e combinação de itens vocabulares para tensão avaliativa (Possenti, 1998; Brait, 1996/2008). Features ADT: sentimento, intensificadores, modalizadores.",41,Neologismos irônicos,"Sandmann (1992, p. 59): cruzamentos ""carregados de emocionalidade depreciativa"".","""intelijegue"" / ""mautorista"" / ""petralha"" ""showmício"" / ""dedurismo"" / ""otoridades"" (Ponte Preta) ""Febeapá"" (paródia de siglas militares) ""mimimi"" (onomatopeia dismissiva)",— (fora do léxico),Baixa,Ausentes do léxico de treino. Requer análise composicional.
3,3,ESTRUTURAS LEXICAIS,"CATEGORIA 3 — ESTRUTURAS LEXICAIS Escolha e combinação de itens vocabulares para tensão avaliativa (Possenti, 1998; Brait, 1996/2008). Features ADT: sentimento, intensificadores, modalizadores.",42,Registros incompatíveis,Formalidade em contexto trivial (ou vice-versa). Violação da máxima de Modo.,"""Procedi ao deslocamento pedestre"" (= fui andando) ""Parasita por direito divino"" (Machado) ""Dedilhava admiravelmente mal"" (Murilo Mendes) Sensacionalista: linguagem séria + conteúdo absurdo",— (classif. registro),Baixa,Classificadores de registro podem detectar incongruência gênero/registro.
3,3,ESTRUTURAS LEXICAIS,"CATEGORIA 3 — ESTRUTURAS LEXICAIS Escolha e combinação de itens vocabulares para tensão avaliativa (Possenti, 1998; Brait, 1996/2008). Features ADT: sentimento, intensificadores, modalizadores.",43,Expressões idiomáticas irônicas,Colocações com interpretação irônica parcialmente lexicalizada no PB.,"""Tá bom então"" / ""Imagina"" / ""Fala sério"" ""Só faltava essa"" / ""Quem diria"" ""Que bonito, hein?"" / ""Pois sim""",palavras_positivas (parcial),Alta,Detectáveis por dicionário. Ambiguidade literal/irônico depende de contexto.
3,3,ESTRUTURAS LEXICAIS,"CATEGORIA 3 — ESTRUTURAS LEXICAIS Escolha e combinação de itens vocabulares para tensão avaliativa (Possenti, 1998; Brait, 1996/2008). Features ADT: sentimento, intensificadores, modalizadores.",44,Intensificadores irônicos,"""Muito"", ""super"", ""demais"", superlativos em co-ocorrência com inversão.","""Muito bom mesmo"" (sarcástico) ""Super útil"" (sobre algo inútil) ""Belíssimo modelo de ética"" (ComentCorpus)",palavras_intensificadoras,Moderada,Intensificador + avaliativo + contexto negativo = candidato.
3,3,ESTRUTURAS LEXICAIS,"CATEGORIA 3 — ESTRUTURAS LEXICAIS Escolha e combinação de itens vocabulares para tensão avaliativa (Possenti, 1998; Brait, 1996/2008). Features ADT: sentimento, intensificadores, modalizadores.",45,Modalizadores irônicos,"""Obviamente"", ""claro"", ""com certeza"", ""evidentemente"". Certeza excessiva que convida à dúvida.","""Claro que ele vai chegar no horário. Como sempre."" ""Obviamente, funcionou perfeitamente."" ""É sabido que..."" (seguido de falsidade)",palavras_modalizadoras,Moderada,"Efeito de evidência (Machado: ""como sabe o leitor"")."
3,3,ESTRUTURAS LEXICAIS,"CATEGORIA 3 — ESTRUTURAS LEXICAIS Escolha e combinação de itens vocabulares para tensão avaliativa (Possenti, 1998; Brait, 1996/2008). Features ADT: sentimento, intensificadores, modalizadores.",46,Arcaísmos irônicos,Vocabulário arcaico em contexto contemporâneo. Distanciamento crítico-cômico.,"""Outrossim"", ""cocorocas"", ""otoridades"" (Ponte Preta) Gregório de Matos: ""vosso gabo"", ""grã canseira"" Veríssimo: registro noir para detetive decadente (Ed Mort)",—,Baixa,Requer detecção de anacronismo lexical.
3,3,ESTRUTURAS LEXICAIS,"CATEGORIA 3 — ESTRUTURAS LEXICAIS Escolha e combinação de itens vocabulares para tensão avaliativa (Possenti, 1998; Brait, 1996/2008). Features ADT: sentimento, intensificadores, modalizadores.",47,Estrangeirismos irônicos,"Anglicismos com distanciamento crítico. ""Faria Limers"" como sátira corporativa.","""Faria Limers"" (sátira ao mercado financeiro) ""O tal do compliance"" / ""esse negócio de startup"" ""Broderagem"" (brother + -agem)",—,Baixa,"""O tal do"" + estrangeirismo marca distanciamento."
3,3,ESTRUTURAS LEXICAIS,"CATEGORIA 3 — ESTRUTURAS LEXICAIS Escolha e combinação de itens vocabulares para tensão avaliativa (Possenti, 1998; Brait, 1996/2008). Features ADT: sentimento, intensificadores, modalizadores.",48,Sufixos pejorativos irônicos,"Sandmann (1989): -esco, -ismo, -ada, -eco como marcadores pejorativo-irônicos.","""-esco"": ""policialesco"", ""popularesco"" ""-ismo"": ""gerundismo"" (FUVEST) ""Febeapá"" = paródia de siglas militares ""Mensalão"" (não aumentativo literal: exaltação irônica de escala)",—,Baixa,Sufixos pejorativos em contexto avaliativo.
3,3,ESTRUTURAS LEXICAIS,"CATEGORIA 3 — ESTRUTURAS LEXICAIS Escolha e combinação de itens vocabulares para tensão avaliativa (Possenti, 1998; Brait, 1996/2008). Features ADT: sentimento, intensificadores, modalizadores.",49,Oxímoros como recurso irônico,"Justaposição de termos contraditórios cujo choque semântico produz efeito irônico e desnuda a contradição do referente (Fiorin, 2014).","""Capitalismo selvagem"" / ""socialismo hipócrita"" (Millôr) ""Crescimento negativo"" / ""divórcio amigável"" ""É proibido proibir"" (Tropicália) ""Admiravelmente mal"" (Murilo Mendes)",—,Baixa,Requer detectar contradição entre termos adjacentes.
3,3,ESTRUTURAS LEXICAIS,"CATEGORIA 3 — ESTRUTURAS LEXICAIS Escolha e combinação de itens vocabulares para tensão avaliativa (Possenti, 1998; Brait, 1996/2008). Features ADT: sentimento, intensificadores, modalizadores.",50,Personificação irônica,Atribuição de qualidades humanas a seres/objetos para efeito irônico.,"Mula que olhava ""filosoficamente"" (Machado, Helena) ""Buraquinho de saudade"" na meia (Machado, Esaú e Jacó) ""O dinheiro dobra facilmente qualquer um"" (Millôr)",—,Muito baixa,Requer análise de coerência semântica sujeito-predicado.
3,3,ESTRUTURAS LEXICAIS,"CATEGORIA 3 — ESTRUTURAS LEXICAIS Escolha e combinação de itens vocabulares para tensão avaliativa (Possenti, 1998; Brait, 1996/2008). Features ADT: sentimento, intensificadores, modalizadores.",51,Metonímia irônica,Substituição metonímica que quantifica o qualitativo.,"""Marcela amou-me durante 15 meses e 11 contos de réis"" (Machado) ""Imprensa é oposição. O resto é armazém de secos e molhados."" (Millôr)",—,Muito baixa,Requer reconhecer relação metonímica subvertida.
3,3,ESTRUTURAS LEXICAIS,"CATEGORIA 3 — ESTRUTURAS LEXICAIS Escolha e combinação de itens vocabulares para tensão avaliativa (Possenti, 1998; Brait, 1996/2008). Features ADT: sentimento, intensificadores, modalizadores.",52,Zeugma e silepse irônicos,"Um mesmo termo rege elementos incongruentes, aproximando planos díspares para efeito crítico (Fiorin, 2014).","""Saíram da reunião o diretor, os relatórios e a última esperança."" ""Perdeu o emprego, a paciência e as ilusões.""",— (parsing: coordenação heterogênea),Baixa,Requer reconhecer a incongruência entre os termos coordenados.
3,3,ESTRUTURAS LEXICAIS,"CATEGORIA 3 — ESTRUTURAS LEXICAIS Escolha e combinação de itens vocabulares para tensão avaliativa (Possenti, 1998; Brait, 1996/2008). Features ADT: sentimento, intensificadores, modalizadores.",53,Autodepreciação irônica,"Rebaixamento fingido de si que, por contraste, afirma o oposto ou expõe o interlocutor. Aparentada da lítotes e do understatement (Burgers et al., 2012).","""Com meu humilde QI, não entendo tanta genialidade."" ""Sou só um pobre coitado que paga impostos."" ""Não sou expert, mas até eu percebo o erro.""",— (léxico de autodepreciação + contexto),Baixa,"A modéstia é encenada; a ironia recai sobre o alvo, não sobre o falante."
4,4,ESTRUTURAS SEMÂNTICAS,CATEGORIA 4 — ESTRUTURAS SEMÂNTICAS Mecanismos de sentido em que a proposição subverte o significado esperado. Articulação texto-contexto. Feature central: contraste_detectado.,54,Incongruência semântica,"Grice (1975, p. 46): violação da Máxima de Qualidade.","""Que maravilha, mais um aumento na gasolina!"" ""Adoro ficar preso no trânsito."" ""Vaticano canoniza todos os juízes brasileiros."" (Sensacionalista)",contraste_detectado,Alta,Padrão mais explorado na literatura de PLN.
4,4,ESTRUTURAS SEMÂNTICAS,CATEGORIA 4 — ESTRUTURAS SEMÂNTICAS Mecanismos de sentido em que a proposição subverte o significado esperado. Articulação texto-contexto. Feature central: contraste_detectado.,55,Contraste de polaridade,"Riloff et al. (2013, EMNLP, p. 704): ""positive sentiment + negative situation"". 26 VPs + 239 frases negativas aprendidas.","""Adoro quando o ônibus atrasa meia hora."" ""Que delícia trabalhar no feriado."" ""Como é bom ver políticos gastarem com propina."" (ComentCorpus) ""São muito nobres, a chapa usou dinheiro de corrupção."" (ComentCorpus)",contraste_detectado (CENTRAL),Alta,Feature central da Cat. 4. Captura 32% das ironias (explícitas). 68% são implícitas.
4,4,ESTRUTURAS SEMÂNTICAS,CATEGORIA 4 — ESTRUTURAS SEMÂNTICAS Mecanismos de sentido em que a proposição subverte o significado esperado. Articulação texto-contexto. Feature central: contraste_detectado.,56,Ambiguidade deliberada,"Dupla leitura simultânea, base da negabilidade plausível da ironia (Hutcheon, 1994).","""Apesar de Você"" (Chico: queixa amorosa / protesto político) ""Chame o ladrão"" (socorro / denúncia do Estado) ""O Brasil é o país do futuro"" (elogio / crítica eterna)",—,Muito baixa,Irresolvível sem contexto. Classificação binária perde a ambiguidade constitutiva.
4,4,ESTRUTURAS SEMÂNTICAS,CATEGORIA 4 — ESTRUTURAS SEMÂNTICAS Mecanismos de sentido em que a proposição subverte o significado esperado. Articulação texto-contexto. Feature central: contraste_detectado.,57,Implicatura conversacional,"Grice (1975, p. 43-44). Ducrot (1987, p. 42): ""fala como enigma"".","""Ele é tão pontual"" (sobre quem atrasa) ""Eu sei de tudo"" (Veríssimo: acusação vaga universal) Machado: Dona Plácida existe para facilitar affair",—,Baixa,68% da ironia no ComentCorpus é implícita.
4,4,ESTRUTURAS SEMÂNTICAS,CATEGORIA 4 — ESTRUTURAS SEMÂNTICAS Mecanismos de sentido em que a proposição subverte o significado esperado. Articulação texto-contexto. Feature central: contraste_detectado.,58,Pressupostos ironizados,"Ducrot (1987, p. 19-20): pressuposto como ""domínio comum"" subvertido.","""Os 'especialistas' que nos governam"" ""Mais água! Mais leite! Menos água no leite!"" (Barão de Itararé) ""70% quer ema no lugar de Salles"" (Sensacionalista: formato de pesquisa)",—,Muito baixa,Requer identificar pressuposição e reconhecer subversão.
4,4,ESTRUTURAS SEMÂNTICAS,CATEGORIA 4 — ESTRUTURAS SEMÂNTICAS Mecanismos de sentido em que a proposição subverte o significado esperado. Articulação texto-contexto. Feature central: contraste_detectado.,59,Pré-construído recontextualizado,"Pêcheux (1988, p. 161): ""palavras mudam de sentido"" entre FDs. Slogans recontextualizados.","""Brasil, País do Futuro — e sempre será."" ""Ordem e Progresso"" → ""Desordem e Regresso"" ""Ame-o ou deixe-o"" → reapropriação progressista ""Distraídos venceremos"" (Leminski, subverte ""Unidos"")",—,Muito baixa,Requer acesso ao interdiscurso. Módulo RAG da ADTC.
4,4,ESTRUTURAS SEMÂNTICAS,CATEGORIA 4 — ESTRUTURAS SEMÂNTICAS Mecanismos de sentido em que a proposição subverte o significado esperado. Articulação texto-contexto. Feature central: contraste_detectado.,60,Script semântico invertido,"GTVH de Attardo/Raskin: oposição de scripts incompatíveis (real/irreal, normal/anormal).","""300 contos → 11 amigos"" (Machado: riqueza ≠ amizade) ""Brasil cai na educação, políticos comemoram nova geração de eleitores"" (Sensacionalista) Veríssimo: moradores presos para proteger-se de criminosos livres",—,Baixa,Requer identificar scripts em oposição.
4,4,ESTRUTURAS SEMÂNTICAS,CATEGORIA 4 — ESTRUTURAS SEMÂNTICAS Mecanismos de sentido em que a proposição subverte o significado esperado. Articulação texto-contexto. Feature central: contraste_detectado.,61,Isotopia quebrada,Greimas: ruptura da coerência semântica. Campo semântico A invadido por B.,"""15 meses e 11 contos de réis"" (Machado: isotopia amorosa → comercial) ""Parasita por direito divino"" (Machado: religiosa → degradação) ""Porta do inferno, diz meteorologia"" (Sensacionalista: religiosa → científica)",—,Baixa,Requer detectar transição entre campos semânticos.
4,4,ESTRUTURAS SEMÂNTICAS,CATEGORIA 4 — ESTRUTURAS SEMÂNTICAS Mecanismos de sentido em que a proposição subverte o significado esperado. Articulação texto-contexto. Feature central: contraste_detectado.,62,Tautologia irônica,"A é A, mas carrega implicatura poderosa. Viola máxima de Quantidade.","""Político corrupto é político corrupto"" (= o que esperar?) ""O Brasil é o Brasil"" (= não muda) ""Jogo é jogo"" (futebol: ironiza expectativas) O Alienista: se todos são loucos, ninguém é louco",—,Muito baixa,Tautologia + contexto de frustração = ironia.
4,4,ESTRUTURAS SEMÂNTICAS,CATEGORIA 4 — ESTRUTURAS SEMÂNTICAS Mecanismos de sentido em que a proposição subverte o significado esperado. Articulação texto-contexto. Feature central: contraste_detectado.,63,Gradação invertida,Anticlímax: do grave ao trivial (ou vice-versa).,"""300 contos → 11 amigos"" (Machado) ""Odebrecht fecha delação e faltam paredes para bunda"" (Sensacionalista) ""Acabar com fome, miséria, corrupção... e acabou com o wi-fi""",—,Baixa,Requer modelar expectativa de progressão e detectar ruptura.
5,5,CONTEXTO COMO CONSTITUINTE,"CATEGORIA 5 — CONTEXTO COMO CONSTITUINTE Dimensões extratextuais sem as quais a ironia não se produz. 68% das ironias são implícitas (Wick-Pedro, 2020). Justifica o módulo RAG da ADTC.",64,Condições de produção (estrito),"Pêcheux (1969, p. 82-83): formações imaginárias. Quem fala, para quem, em que situação.","Subordinado diz ""Que bela decisão"" ao chefe = ironia Chefe diz ao subordinado = sarcasmo Entre pares = banter",mentions (proxy),Muito baixa,Módulo de Posição-Sujeito da ADTC.
5,5,CONTEXTO COMO CONSTITUINTE,"CATEGORIA 5 — CONTEXTO COMO CONSTITUINTE Dimensões extratextuais sem as quais a ironia não se produz. 68% das ironias são implícitas (Wick-Pedro, 2020). Justifica o módulo RAG da ADTC.",65,Condições de produção (amplo),"Orlandi (2020, p. 30-31): contexto sócio-histórico e ideológico.","""Excelente gestão econômica"" em recessão ""Parece que está indo embora o vírus"" (Bolsonaro, 12/04/2020, 1.200 mortos)",— (RAG),Baixa,Módulo de Condições de Produção da ADTC (RAG).
5,5,CONTEXTO COMO CONSTITUINTE,"CATEGORIA 5 — CONTEXTO COMO CONSTITUINTE Dimensões extratextuais sem as quais a ironia não se produz. 68% das ironias são implícitas (Wick-Pedro, 2020). Justifica o módulo RAG da ADTC.",66,Interdiscurso / memória discursiva,"Orlandi (2020, p. 32): ""dizeres já ditos e esquecidos"". Courtine (1981, p. 52-53).","""Brasil, ame-o ou deixe-o"" em contexto progressista ""Cálice""/""Cale-se"" + censura ""Gripezinha"" ecoando 700.000 mortos",— (RAG),Muito baixa,Requer base de enunciados historicamente sedimentados.
5,5,CONTEXTO COMO CONSTITUINTE,"CATEGORIA 5 — CONTEXTO COMO CONSTITUINTE Dimensões extratextuais sem as quais a ironia não se produz. 68% das ironias são implícitas (Wick-Pedro, 2020). Justifica o módulo RAG da ADTC.",67,Heterogeneidade mostrada não marcada,"Authier-Revuz (1982, p. 141): ironia como ""heterogeneidade mostrada não marcada"".","""Vivemos em democracia plena"" (em contexto de censura) Voz do Outro sem marcação formal",— (inacessível),Muito baixa,"Ponto onde ironia mais resiste à detecção automática, por aproximar-se da heterogeneidade constitutiva (interdiscurso)."
5,5,CONTEXTO COMO CONSTITUINTE,"CATEGORIA 5 — CONTEXTO COMO CONSTITUINTE Dimensões extratextuais sem as quais a ironia não se produz. 68% das ironias são implícitas (Wick-Pedro, 2020). Justifica o módulo RAG da ADTC.",68,Comunidades discursivas,"Hutcheon (1994, p. 18): ironia ""happens because discursive communities already exist"".","Ironia entre torcedores opaca para não-torcedores ""Imagina na Copa"" (exige memória do 7x1) Sátira de O Pasquim: transparente só para oposição à ditadura",— (inacessível),Muito baixa,Requer modelar comunidades e repertórios compartilhados.
5,5,CONTEXTO COMO CONSTITUINTE,"CATEGORIA 5 — CONTEXTO COMO CONSTITUINTE Dimensões extratextuais sem as quais a ironia não se produz. 68% das ironias são implícitas (Wick-Pedro, 2020). Justifica o módulo RAG da ADTC.",69,Cenografia e ethos,"Maingueneau (2008, p. 70-71): cenografia como ""o que a enunciação instaura"".","Sensacionalista: cenografia de jornal sério + conteúdo satírico Machado: narrador ""confiável"" que mina sua própria confiabilidade",— (classif. gênero),Moderada,"BAcc 0,92 para notícias satíricas (IDPT 2021)."
5,5,CONTEXTO COMO CONSTITUINTE,"CATEGORIA 5 — CONTEXTO COMO CONSTITUINTE Dimensões extratextuais sem as quais a ironia não se produz. 68% das ironias são implícitas (Wick-Pedro, 2020). Justifica o módulo RAG da ADTC.",70,Contexto temporal,Declarações que adquirem ironia por eventos subsequentes.,"""País do Futuro"" (Zweig, 1941) → ""e sempre será"" ""Está superdimensionado o poder do vírus"" (Bolsonaro, 09/03/2020, 25 casos) ""Não vai ter Copa"" (2013) → teve Copa → 7×1",— (RAG temporal),Baixa,Requer acesso a timeline de eventos.
5,5,CONTEXTO COMO CONSTITUINTE,"CATEGORIA 5 — CONTEXTO COMO CONSTITUINTE Dimensões extratextuais sem as quais a ironia não se produz. 68% das ironias são implícitas (Wick-Pedro, 2020). Justifica o módulo RAG da ADTC.",71,Contexto espacial/geográfico,Ironia que depende de conhecer um lugar.,"""Cidade Maravilhosa"" (Rio: tiroteios) ""Padrão FIFA"" (obras não entregues) ""SP não pode parar"" (durante alagamentos na Marginal)",— (RAG geográfico),Baixa,Requer conhecimento enciclopédico local.
5,5,CONTEXTO COMO CONSTITUINTE,"CATEGORIA 5 — CONTEXTO COMO CONSTITUINTE Dimensões extratextuais sem as quais a ironia não se produz. 68% das ironias são implícitas (Wick-Pedro, 2020). Justifica o módulo RAG da ADTC.",72,Contexto biográfico,Ironia emerge quando histórico do falante contradiz a fala.,"Bolsonaro: ""gripezinha"" → testou positivo Roberto Jefferson denunciando corrupção (recebeu R$ 4M em malas) PT ""partido da ética"" → Mensalão/Lava Jato",— (RAG),Muito baixa,Requer perfil do enunciador.
5,5,CONTEXTO COMO CONSTITUINTE,"CATEGORIA 5 — CONTEXTO COMO CONSTITUINTE Dimensões extratextuais sem as quais a ironia não se produz. 68% das ironias são implícitas (Wick-Pedro, 2020). Justifica o módulo RAG da ADTC.",73,Contexto futebolístico,7×1 como expressão idiomática irônica universal no PB.,"""Mais um gol da Alemanha"" (= qualquer desastre) ""Virou passeio!"" (Galvão, 4° gol) ""Imagina na Copa"" → ironizado retroativamente ""Qual foi o seu 7 a 1?"" (Felipão: capitaliza o fracasso)",— (RAG cultural),Muito baixa,Requer memória cultural específica do futebol brasileiro.
5,5,CONTEXTO COMO CONSTITUINTE,"CATEGORIA 5 — CONTEXTO COMO CONSTITUINTE Dimensões extratextuais sem as quais a ironia não se produz. 68% das ironias são implícitas (Wick-Pedro, 2020). Justifica o módulo RAG da ADTC.",74,Contexto pandêmico,COVID gerou vocabulário irônico específico no PB.,"""Gripezinha"" como símbolo de negacionismo #ForçaCorona (inversão de apoio, jul/2020) ""Histórico de atleta"" → meme irônico ""Tratamento precoce"" → irônico após ineficácia comprovada",— (RAG temporal),Muito baixa,Requer timeline pandêmica e conhecimento de políticas.
5,5,CONTEXTO COMO CONSTITUINTE,"CATEGORIA 5 — CONTEXTO COMO CONSTITUINTE Dimensões extratextuais sem as quais a ironia não se produz. 68% das ironias são implícitas (Wick-Pedro, 2020). Justifica o módulo RAG da ADTC.",75,Contexto factual / conhecimento de mundo,"Wallace et al. (2014, ACL): 30% dos comentários exigem contexto. F1=0,383 sem contexto.","""Boa sorte na Marginal"" (exige saber que é congestionada) ""Que sorte, mais um feriado prolongado"" (só irônico se sabido que haverá greve de transporte) ""Eduardo Cunha tem Porsche em nome de Jesus.com"" (manchete real)",— (RAG),Baixa,"RAG pode recuperar fatos, mas seleção de relevância requer senso comum."
5,5,CONTEXTO COMO CONSTITUINTE,"CATEGORIA 5 — CONTEXTO COMO CONSTITUINTE Dimensões extratextuais sem as quais a ironia não se produz. 68% das ironias são implícitas (Wick-Pedro, 2020). Justifica o módulo RAG da ADTC.",76,Silêncio irônico,Orlandi (2007): o silêncio significa; o não dito e o interditado produzem sentido. A recusa a comentar e a lacuna deliberada funcionam ironicamente.,"""..."" como única resposta a um absurdo ""Sem comentários."" Reticências que substituem a avaliação óbvia",— (inacessível / RAG de contexto),Muito baixa,O sentido está no que se cala. Só o contexto e a memória discursiva o recuperam.
5,5,CONTEXTO COMO CONSTITUINTE,"CATEGORIA 5 — CONTEXTO COMO CONSTITUINTE Dimensões extratextuais sem as quais a ironia não se produz. 68% das ironias são implícitas (Wick-Pedro, 2020). Justifica o módulo RAG da ADTC.",77,Ironia multimodal (memes),"O efeito irônico emerge da relação entre texto e imagem, e não de cada um isolado. Cai, Ci e Wan (2019): a detecção de sarcasmo exige fusão de modalidades.",Legenda elogiosa sobre imagem que a contradiz Memes de reação que ironizam a fala citada Print acompanhado de 🤡,"— (multimodal, fora do escopo textual)",Muito baixa,Fenômeno crescente nas redes brasileiras. Exige processar texto e imagem em conjunto.
